chrom	pos	ref	alt	AF	popmax_AF
chr22	23631806	A	G	0.00012	0.00015
chr22	23632600	C	T	0.0	0.0
chr9	133738352	G	A	0.00045	0.00051
chr18	55631301	G	A	0.0	0.0
chr10	62813296	G	A	0.0	0.0
chr11	62694680	G	T	0.0	0.0
chr13	110155271	C	T	0.0	0.0
chr14	73223597	TA	T	0.0	0.0
chr22	50623471	A	G	0.0	0.0
chr16	66508138	G	GA	0.00002953	0.00002953
TEST	1	A	G	0.001	0.001
