chrom	pos	ref	alt	AF	popmax_AF
chr22	23631806	A	G	0.00012	0.00015
chr22	23632600	C	T	0.0	0.0
chr9	133738352	G	A	0.00045	0.00051
TEST	1	A	G	0.001	0.001
